<?xml version="1.0" encoding="UTF-8"?>
<?xml-stylesheet type="text/xsl" href="pr6_1.xsl"?>
<!DOCTYPE Employees [
  <!ELEMENT Employees (Employee+)>
  <!ELEMENT Employee (EmpID, Name, Department, Designation, Email, Salary)>
  <!ELEMENT EmpID (#PCDATA)>
  <!ELEMENT Name (#PCDATA)>
  <!ELEMENT Department (#PCDATA)>
  <!ELEMENT Designation (#PCDATA)>
  <!ELEMENT Email (#PCDATA)>
  <!ELEMENT Salary (#PCDATA)>
]>
<Employees>
  <Employee>
    <EmpID>101</EmpID>
    <Name>Khushi Rewatkar</Name>
    <Department>IT</Department>
    <Designation>Software Engineer</Designation>
    <Email>khushi@example.com</Email>
    <Salary>55000</Salary>
  </Employee>
  <Employee>
    <EmpID>102</EmpID>
    <Name>Aditi Mishra</Name>
    <Department>HR</Department>
    <Designation>HR Manager</Designation>
    <Email>aditi@example.com</Email>
    <Salary>60000</Salary>
  </Employee>
</Employees>
<!-- internal dtd -->