<?xml version="1.0" encoding="UTF-8"?>
<?xml-stylesheet type="text/xsl" href="pr6_3.xsl"?>
<company>
    <employee id="E01">
        <name>Khushi Rewatkar</name>
        <department>IT</department>
        <salary>50000</salary>
    </employee>
    <employee id="E02">
        <name>Aditi Mishra</name>
        <department>HR</department>
        <salary>45000</salary>
    </employee>
    <employee id="E03">
        <name>Mohini Titarmare</name>
        <department>Finance</department>
        <salary>55000</salary>
    </employee>
</company>
<!-- using DOM -->