<?xml version="1.0" encoding="UTF-8"?>
<?xml-stylesheet type="text/xsl" href="pr6_2.xsl"?>
<!DOCTYPE Employees SYSTEM "pr6_2.dtd">
<Employees>
  <Employee>
    <EmpID>103</EmpID>
    <Name>Dhruv Rangari</Name>
    <Department>Finance</Department>
    <Designation>Accountant</Designation>
    <Email>dhruv@example.com</Email>
    <Salary>48000</Salary>
  </Employee>
  <Employee>
    <EmpID>104</EmpID>
    <Name>Vishesh Thool</Name>
    <Department>Marketing</Department>
    <Designation>Marketing Executive</Designation>
    <Email>vishesh@example.com</Email>
    <Salary>52000</Salary>
  </Employee>
</Employees>
<!-- external dtd -->