<?xml version="1.0" encoding="UTF-8"?>
<?xml-stylesheet type="text/xsl" href="pr5_1.xsl"?>

<!DOCTYPE BookInfo [
  <!ELEMENT BookInfo (Book+)>
  <!ELEMENT Book (Title, Author, ISBN, Publisher, Edition, Price)>
  <!ELEMENT Title (#PCDATA)>
  <!ELEMENT Author (#PCDATA)>
  <!ELEMENT ISBN (#PCDATA)>
  <!ELEMENT Publisher (#PCDATA)>
  <!ELEMENT Edition (#PCDATA)>
  <!ELEMENT Price (#PCDATA)>
]>
<BookInfo>
  <Book>
    <Title>XML Fundamentals</Title>
    <Author>Himani R</Author>
    <ISBN>9781234567890</ISBN>
    <Publisher>TechPress</Publisher>
    <Edition>2nd</Edition>
    <Price>450</Price>
  </Book>
</BookInfo>