{
  "ProgrammingBooks": [
    {
      "Title": "Introduction to Java Programming",
      "Edition": "11th",
      "Author": "Y. Daniel Liang"
    },
    {
      "Title": "Python Crash Course",
      "Edition": "2nd",
      "Author": "Eric Matthes"
    },
    {
      "Title": "C Programming Language",
      "Edition": "2nd",
      "Author": "Brian W. Kernighan, Dennis M. Ritchie"
    },
    {
      "Title": "Head First Java",
      "Edition": "2nd",
      "Author": "Kathy Sierra, Bert Bates"
    },
    {
      "Title": "Clean Code",
      "Edition": "1st",
      "Author": "Robert C. Martin"
    }
  ]
}
